{"Bonner Stra\u00dfe": {"best_params": {"eta": 0.594645311334453, "gamma": 32, "max_depth": 23, "min_child_weight": 0, "max_delta_step": 33, "subsample": 0.0020007546941130487, "colsample_bytree": 0.730498516198899, "reg_alpha": 38, "reg_lambda": 381}, "best_value": 13270.601337432414}}