{"Deutzer Br\u00fccke": {"best_params": {"eta": 0.9058280772280946, "gamma": 240, "max_depth": 1, "min_child_weight": 0, "max_delta_step": 55, "subsample": 0.11058127874462904, "colsample_bytree": 0.3595123286529596, "reg_alpha": 829, "reg_lambda": 846}, "best_value": 31277.055643772408}}