{"Niederl\u00e4nder Ufer": {"best_params": {"eta": 0.7171714761574426, "gamma": 744, "max_depth": 12, "min_child_weight": 2, "max_delta_step": 94, "subsample": 0.49221584009132735, "colsample_bytree": 0.888219340145361, "reg_alpha": 646, "reg_lambda": 1000}, "best_value": 11372.952176724106}}