{"Z\u00fclpicher Stra\u00dfe": {"best_params": {"eta": 0.9949927077357031, "gamma": 21, "max_depth": 32, "min_child_weight": 2, "max_delta_step": 66, "subsample": 0.03917353800733847, "colsample_bytree": 0.22571508948190766, "reg_alpha": 921, "reg_lambda": 143}, "best_value": 20922.079302399787}}